timestamp,text,label,category
2025-09-22T22:12:12,อาหารอร่อยมาก,neu,
2025-09-23T19:30:43,อาหารอร่อยมาก,neu,
2025-09-23T19:31:03,แย่มาก,pos,
2025-09-23T20:08:40,"แย่มาก
",neg,
2025-09-23T20:25:16,"ชอบมาก
",pos,
2025-09-23T21:12:42,เยี่ยมมาก,pos,
2025-09-23T21:20:50,งั้นๆ,neu,
2025-09-23T21:33:09,รักเลย,pos,
2025-09-23T22:43:39,อร่อยมาก,pos,
2025-09-23T22:46:46,ชอบมาก,pos,
2025-09-23T22:47:24,แย่มาก,neg,
2025-09-23T23:10:05,😍,pos,
2025-09-23T23:10:14,👎,neu,
2025-09-23T23:10:29,💢,neg,
2025-09-23T23:10:38,👍,pos,
2025-09-23T23:16:53,อร่อยมาก,pos,
2025-09-23T23:42:28,อร่อยมาก,pos,
2025-09-24T20:41:27,อร่อยมาก,pos,
2025-09-24T20:44:06,อร่อย,pos,
2025-09-24T20:44:25,แย่มาก,neg,
2025-09-24T20:46:13,แย่มาก,neg,
2025-09-24T20:46:21,ดีมาก,pos,
2025-09-24T20:48:30,ดีมาก,pos,
2025-09-24T20:53:52,ดีมาก,pos,
2025-09-24T20:54:11,เฉยๆ,neu,
2025-09-24T20:55:21,เฉยๆ,neu,
2025-09-24T20:55:27,ดีมาก,pos,
2025-09-24T20:56:10,ดีมาก,pos,
2025-09-24T20:56:19,อร่อย,pos,
2025-09-24T20:58:27,อร่อย,pos,
2025-09-24T20:58:46,แย่,neg,
2025-09-24T21:00:49,แย่,neg,
2025-09-24T21:01:19,แย่,neg,
2025-09-24T21:01:47,แย่,neg,
2025-09-24T21:01:56,แย่,neg,
2025-09-24T21:02:11,ดี,pos,
2025-09-24T21:02:19,งั้นๆ,neu,
2025-09-24T21:03:28,งั้นๆ,neu,
2025-09-24T21:03:43,งั้นๆ,neu,
2025-09-24T21:04:01,งั้นๆ,neu,
2025-09-24T21:04:07,ดีมาก,pos,
2025-09-24T21:04:23,ดีมาก,pos,
2025-09-24T21:04:45,ดีมาก,pos,
2025-09-24T21:14:33,ดีมาก,pos,
2025-09-24T21:39:32,ดีมาก,pos,
2025-09-29T20:44:19,ดีมาก,pos,
2025-09-29T21:34:41,ดีมาก,pos,
2025-09-29T21:36:25,แย่,neg,
2025-09-30T22:33:21,ดีมากๆ,pos,
2025-10-01T22:49:51,ดีเลย,pos,
2025-10-03T20:33:16,เยี่ยม,pos,
2025-10-06T19:39:02,ดีมาก,pos,
2025-10-06T19:39:14,อร่อยอยู่นะ,pos,
2025-10-06T19:39:23,อาหารงั้นๆ,neu,
2026-01-30T22:41:46,"bad
",neu,
2026-01-30T22:41:53,"อร่อยดี
",pos,
2026-01-30T22:44:00,"ไม่ดีเลย
",neg,
2026-01-31T08:03:59,ดี,pos,
2026-01-31T08:14:27,สินค้าคุณภาพแย่มาก,neg,
2026-01-31T08:14:27,บริการดี ประทับใจ,pos,
2026-01-31T08:14:27,เฉย ๆ ยังไม่แน่ใจ,neu,
2026-01-31T08:14:27,ส่งของช้า ไม่โอเคเลย,neg,
2026-01-31T08:14:48,สินค้าคุณภาพแย่มาก,neg,
2026-01-31T08:14:48,บริการดี ประทับใจ,pos,
2026-01-31T08:14:48,เฉย ๆ ยังไม่แน่ใจ,neu,
2026-01-31T08:14:48,ส่งของช้า ไม่โอเคเลย,neg,
2026-01-31T08:15:04,ดี,pos,
2026-01-31T21:57:08,แย่,neg,
2026-02-01T08:09:39,ดี,pos,
2026-02-01T08:09:51,รสชาติดี,pos,
2026-02-13T21:26:29,"เฟรชหล่อมาก
",neg,
2026-02-13T21:27:47,"อร่อยมาก
",pos,
2026-02-13T21:57:40,แย่,neg,
2026-02-13T21:57:44,ดี,pos,
2026-02-13T21:57:48,งั้นๆ,neu,
2026-02-13T22:10:21,แฟร้งหล่อ,neu,
2026-02-13T22:12:18,อร่อย,pos,
2026-02-14T00:03:40,หล่อ,neu,
2026-02-14T00:03:44,อร่อย,pos,
2026-02-14T00:03:49,แย่มาก,neg,
2026-02-14T00:55:48,น่ารัก,pos,
2026-02-14T00:58:11,"แย่, น่ารัก",neg,
2026-02-14T01:12:34,ดี,pos,
2026-02-14T01:31:37,ไม่อร่อย,neg,
2026-02-14T01:39:26,ดี,pos,
2026-02-14T01:49:42,"อร่อยมาก
",pos,
2026-02-14T08:14:48,ดีสุด,pos,
2026-06-27T08:45:10,good,neu,
2026-06-27T09:03:47,good,neu,
2026-06-27T09:04:03,อร่อย,pos,
2026-06-27T09:04:09,อร่อย,pos,
2026-06-27T09:04:18,อร่อย,pos,
2026-06-27T09:07:13,อร่อยมาก,pos,
2026-06-27T09:07:23,อร่อยมาก,pos,
2026-06-27T09:07:27,อร่อยมาก,pos,
2026-06-27T09:08:54,อร่อยมาก,pos,
2026-06-27T09:09:28,อร่อยมาก,pos,
2026-06-27T09:28:40,อร่อยมาก,pos,
2026-06-27T09:31:09,ไม่ดี,neg,
2026-06-27T09:39:57,ดีมาก,pos,
2026-06-27T10:24:34,ดีมาก,pos,แพ็กเกจตรวจสุขภาพ
2026-06-27T10:49:54,หมอน่ารัก,neu,งานวิชาการมะเร็ง
2026-06-27T11:16:38,คุณหมอใจดีมาก,pos,บริการทั่วไปของโรงพยาบาล
2026-06-27T11:16:43,แย่มาก,neg,บริการทั่วไปของโรงพยาบาล
2026-06-27T11:16:52,สกปรก,neu,บริการทั่วไปของโรงพยาบาล
2026-06-27T11:27:34,"สกปรก
",neg,บริการทั่วไปของโรงพยาบาล
2026-06-27T12:19:17,หมอน่ารัก,neg,แผนกจักษุ
2026-06-27T12:19:37,หมอน่ารักมาก,neg,แผนกจักษุ
2026-06-27T12:19:48,ดีมาก,neg,แผนกจักษุ
2026-06-27T12:19:50,ดีมาก,neg,แผนกจักษุ
2026-06-27T12:19:50,ดีมาก,neg,แผนกจักษุ
2026-06-27T12:19:51,ดีมาก,neg,แผนกจักษุ
2026-06-27T12:19:51,ดีมาก,neg,แผนกจักษุ
2026-06-27T12:19:51,ดีมาก,neg,แผนกจักษุ
2026-06-27T12:19:54,ดี,neg,แผนกจักษุ
2026-06-27T12:20:26,ดี,neg,บริการทั่วไปของโรงพยาบาล
2026-06-27T12:21:12,ดีมาก,neg,บริการทั่วไปของโรงพยาบาล
2026-06-27T12:21:19,เก่ง,neg,บริการทั่วไปของโรงพยาบาล
2026-06-27T12:21:20,เก่ง,neg,บริการทั่วไปของโรงพยาบาล
2026-06-27T12:21:20,เก่ง,neg,บริการทั่วไปของโรงพยาบาล
2026-06-27T12:21:23,แย่,neg,บริการทั่วไปของโรงพยาบาล
2026-06-27T12:24:43,ดีมาก,pos,บริการทั่วไปของโรงพยาบาล
2026-06-27T12:24:54,หมอน่ารัก,neu,บริการทั่วไปของโรงพยาบาล
2026-06-27T12:25:02,หมอน่ารัก,neu,งานวิชาการมะเร็ง
2026-06-27T12:25:10,แย่มาก,neg,งานวิชาการมะเร็ง
2026-06-27T14:04:59,บริการดี,neg,บริการทั่วไปของโรงพยาบาล
2026-06-27T14:05:08,ดีมาก,pos,บริการทั่วไปของโรงพยาบาล
2026-06-27T14:05:17,หมอน่ารัก,neu,บริการทั่วไปของโรงพยาบาล
2026-06-27T14:05:46,ห้องน้ำสะอาด,neg,บริการทั่วไปของโรงพยาบาล
2026-06-27T14:06:27,หมอเก่ง,neg,แผนกผู้ป่วยนอก (OPD)
2026-06-27T14:06:35,ดีมาก,pos,แผนกผู้ป่วยนอก (OPD)
2026-06-27T14:07:07,เยี่ยมไปเลย นัดคิวล่วงหน้ามาเป็นเดือน แต่มาถึงบอกคิวหลุด ต้องรอแทรกคิวใหม่ ขอบคุณมาก,neg,แผนกผู้ป่วยนอก (OPD)
2026-06-27T14:07:31,ราคาดีมาก,pos,แพ็กเกจตรวจสุขภาพ
2026-06-27T14:09:04,ราคาดีมาก,pos,แพ็กเกจตรวจสุขภาพ
2026-06-27T14:09:26,บริการแย่,neg,บริการทั่วไปของโรงพยาบาล
2026-06-27T14:12:10,2025-09-22T22:12:12,neg,บริการทั่วไปของโรงพยาบาล
2026-06-27T14:12:10,2025-09-23T19:30:43,neg,บริการทั่วไปของโรงพยาบาล
2026-06-27T14:12:10,2025-09-23T19:31:03,neg,บริการทั่วไปของโรงพยาบาล
2026-06-27T14:12:10,2025-09-23T20:08:40,neg,บริการทั่วไปของโรงพยาบาล
2026-06-27T14:12:10,2025-09-23T20:25:16,neg,บริการทั่วไปของโรงพยาบาล
2026-06-27T14:12:10,2025-09-23T21:12:42,neg,บริการทั่วไปของโรงพยาบาล
2026-06-27T14:12:10,2025-09-23T21:20:50,neg,บริการทั่วไปของโรงพยาบาล
2026-06-27T14:12:10,2025-09-23T21:33:09,neg,บริการทั่วไปของโรงพยาบาล
2026-06-27T14:12:10,2025-09-23T22:43:39,neg,บริการทั่วไปของโรงพยาบาล
2026-06-27T14:12:10,2025-09-23T22:46:46,neg,บริการทั่วไปของโรงพยาบาล
2026-06-27T14:12:10,2025-09-23T22:47:24,neg,บริการทั่วไปของโรงพยาบาล
2026-06-27T14:12:10,2025-09-23T23:10:05,neg,บริการทั่วไปของโรงพยาบาล
2026-06-27T14:12:10,2025-09-23T23:10:14,neg,บริการทั่วไปของโรงพยาบาล
2026-06-27T14:12:10,2025-09-23T23:10:29,neg,บริการทั่วไปของโรงพยาบาล
2026-06-27T14:12:10,2025-09-23T23:10:38,neg,บริการทั่วไปของโรงพยาบาล
2026-06-27T14:12:10,2025-09-23T23:16:53,neg,บริการทั่วไปของโรงพยาบาล
2026-06-27T14:12:10,2025-09-23T23:42:28,neg,บริการทั่วไปของโรงพยาบาล
2026-06-27T14:12:10,2025-09-24T20:41:27,neg,บริการทั่วไปของโรงพยาบาล
2026-06-27T14:12:10,2025-09-24T20:44:06,neg,บริการทั่วไปของโรงพยาบาล
2026-06-27T14:12:10,2025-09-24T20:44:25,neg,บริการทั่วไปของโรงพยาบาล
2026-06-27T14:12:10,2025-09-24T20:46:13,neg,บริการทั่วไปของโรงพยาบาล
2026-06-27T14:12:10,2025-09-24T20:46:21,neg,บริการทั่วไปของโรงพยาบาล
2026-06-27T14:12:10,2025-09-24T20:48:30,neg,บริการทั่วไปของโรงพยาบาล
2026-06-27T14:12:10,2025-09-24T20:53:52,neg,บริการทั่วไปของโรงพยาบาล
2026-06-27T14:12:10,2025-09-24T20:54:11,neg,บริการทั่วไปของโรงพยาบาล
2026-06-27T14:12:10,2025-09-24T20:55:21,neg,บริการทั่วไปของโรงพยาบาล
2026-06-27T14:12:10,2025-09-24T20:55:27,neg,บริการทั่วไปของโรงพยาบาล
2026-06-27T14:12:10,2025-09-24T20:56:10,neg,บริการทั่วไปของโรงพยาบาล
2026-06-27T14:12:10,2025-09-24T20:56:19,neg,บริการทั่วไปของโรงพยาบาล
2026-06-27T14:12:10,2025-09-24T20:58:27,neg,บริการทั่วไปของโรงพยาบาล
2026-06-27T14:12:10,2025-09-24T20:58:46,neg,บริการทั่วไปของโรงพยาบาล
2026-06-27T14:12:10,2025-09-24T21:00:49,neg,บริการทั่วไปของโรงพยาบาล
2026-06-27T14:12:10,2025-09-24T21:01:19,neg,บริการทั่วไปของโรงพยาบาล
2026-06-27T14:12:10,2025-09-24T21:01:47,neg,บริการทั่วไปของโรงพยาบาล
2026-06-27T14:12:10,2025-09-24T21:01:56,neg,บริการทั่วไปของโรงพยาบาล
2026-06-27T14:12:10,2025-09-24T21:02:11,neg,บริการทั่วไปของโรงพยาบาล
2026-06-27T14:12:10,2025-09-24T21:02:19,neg,บริการทั่วไปของโรงพยาบาล
2026-06-27T14:12:10,2025-09-24T21:03:28,neg,บริการทั่วไปของโรงพยาบาล
2026-06-27T14:12:10,2025-09-24T21:03:43,neg,บริการทั่วไปของโรงพยาบาล
2026-06-27T14:12:10,2025-09-24T21:04:01,neg,บริการทั่วไปของโรงพยาบาล
2026-06-27T14:12:10,2025-09-24T21:04:07,neg,บริการทั่วไปของโรงพยาบาล
2026-06-27T14:12:10,2025-09-24T21:04:23,neg,บริการทั่วไปของโรงพยาบาล
2026-06-27T14:12:10,2025-09-24T21:04:45,neg,บริการทั่วไปของโรงพยาบาล
2026-06-27T14:12:10,2025-09-24T21:14:33,neg,บริการทั่วไปของโรงพยาบาล
2026-06-27T14:12:10,2025-09-24T21:39:32,neg,บริการทั่วไปของโรงพยาบาล
2026-06-27T14:12:10,2025-09-29T20:44:19,neg,บริการทั่วไปของโรงพยาบาล
2026-06-27T14:12:10,2025-09-29T21:34:41,neg,บริการทั่วไปของโรงพยาบาล
2026-06-27T14:12:10,2025-09-29T21:36:25,neg,บริการทั่วไปของโรงพยาบาล
2026-06-27T14:12:10,2025-09-30T22:33:21,neg,บริการทั่วไปของโรงพยาบาล
2026-06-27T14:12:10,2025-10-01T22:49:51,neg,บริการทั่วไปของโรงพยาบาล
2026-06-27T14:12:10,2025-10-03T20:33:16,neg,บริการทั่วไปของโรงพยาบาล
2026-06-27T14:12:10,2025-10-06T19:39:02,neg,บริการทั่วไปของโรงพยาบาล
2026-06-27T14:12:10,2025-10-06T19:39:14,neg,บริการทั่วไปของโรงพยาบาล
2026-06-27T14:12:10,2025-10-06T19:39:23,neg,บริการทั่วไปของโรงพยาบาล
2026-06-27T14:12:10,2026-01-30T22:41:46,neg,บริการทั่วไปของโรงพยาบาล
2026-06-27T14:12:10,2026-01-30T22:41:53,neg,บริการทั่วไปของโรงพยาบาล
2026-06-27T14:12:10,2026-01-30T22:44:00,neg,บริการทั่วไปของโรงพยาบาล
2026-06-27T14:12:10,2026-01-31T08:03:59,neg,บริการทั่วไปของโรงพยาบาล
2026-06-27T14:12:10,2026-01-31T08:14:27,neg,บริการทั่วไปของโรงพยาบาล
2026-06-27T14:12:10,2026-01-31T08:14:27,neg,บริการทั่วไปของโรงพยาบาล
2026-06-27T14:12:11,2026-01-31T08:14:27,neg,บริการทั่วไปของโรงพยาบาล
2026-06-27T14:12:11,2026-01-31T08:14:27,neg,บริการทั่วไปของโรงพยาบาล
2026-06-27T14:12:11,2026-01-31T08:14:48,neg,บริการทั่วไปของโรงพยาบาล
2026-06-27T14:12:11,2026-01-31T08:14:48,neg,บริการทั่วไปของโรงพยาบาล
2026-06-27T14:12:11,2026-01-31T08:14:48,neg,บริการทั่วไปของโรงพยาบาล
2026-06-27T14:12:11,2026-01-31T08:14:48,neg,บริการทั่วไปของโรงพยาบาล
2026-06-27T14:12:11,2026-01-31T08:15:04,neg,บริการทั่วไปของโรงพยาบาล
2026-06-27T14:12:11,2026-01-31T21:57:08,neg,บริการทั่วไปของโรงพยาบาล
2026-06-27T14:12:11,2026-02-01T08:09:39,neg,บริการทั่วไปของโรงพยาบาล
2026-06-27T14:12:11,2026-02-01T08:09:51,neg,บริการทั่วไปของโรงพยาบาล
2026-06-27T14:12:11,2026-02-13T21:26:29,neg,บริการทั่วไปของโรงพยาบาล
2026-06-27T14:12:11,2026-02-13T21:27:47,neg,บริการทั่วไปของโรงพยาบาล
2026-06-27T14:12:11,2026-02-13T21:57:40,neg,บริการทั่วไปของโรงพยาบาล
2026-06-27T14:12:11,2026-02-13T21:57:44,neg,บริการทั่วไปของโรงพยาบาล
2026-06-27T14:12:11,2026-02-13T21:57:48,neg,บริการทั่วไปของโรงพยาบาล
2026-06-27T14:12:11,2026-02-13T22:10:21,neg,บริการทั่วไปของโรงพยาบาล
2026-06-27T14:12:11,2026-02-13T22:12:18,neg,บริการทั่วไปของโรงพยาบาล
2026-06-27T14:12:11,2026-02-14T00:03:40,neg,บริการทั่วไปของโรงพยาบาล
2026-06-27T14:12:11,2026-02-14T00:03:44,neg,บริการทั่วไปของโรงพยาบาล
2026-06-27T14:12:11,2026-02-14T00:03:49,neg,บริการทั่วไปของโรงพยาบาล
2026-06-27T14:12:11,2026-02-14T00:55:48,neg,บริการทั่วไปของโรงพยาบาล
2026-06-27T14:12:11,2026-02-14T00:58:11,neg,บริการทั่วไปของโรงพยาบาล
2026-06-27T14:12:11,2026-02-14T01:12:34,neg,บริการทั่วไปของโรงพยาบาล
2026-06-27T14:12:11,2026-02-14T01:31:37,neg,บริการทั่วไปของโรงพยาบาล
2026-06-27T14:12:11,2026-02-14T01:39:26,neg,บริการทั่วไปของโรงพยาบาล
2026-06-27T14:12:11,2026-02-14T01:49:42,neg,บริการทั่วไปของโรงพยาบาล
2026-06-27T14:12:11,2026-02-14T08:14:48,neg,บริการทั่วไปของโรงพยาบาล
2026-06-27T14:12:11,2026-06-27T08:45:10,neg,บริการทั่วไปของโรงพยาบาล
2026-06-27T14:12:11,2026-06-27T09:03:47,neg,บริการทั่วไปของโรงพยาบาล
2026-06-27T14:12:11,2026-06-27T09:04:03,neg,บริการทั่วไปของโรงพยาบาล
2026-06-27T14:12:11,2026-06-27T09:04:09,neg,บริการทั่วไปของโรงพยาบาล
2026-06-27T14:12:11,2026-06-27T09:04:18,neg,บริการทั่วไปของโรงพยาบาล
2026-06-27T14:12:11,2026-06-27T09:07:13,neg,บริการทั่วไปของโรงพยาบาล
2026-06-27T14:12:11,2026-06-27T09:07:23,neg,บริการทั่วไปของโรงพยาบาล
2026-06-27T14:12:11,2026-06-27T09:07:27,neg,บริการทั่วไปของโรงพยาบาล
2026-06-27T14:12:11,2026-06-27T09:08:54,neg,บริการทั่วไปของโรงพยาบาล
2026-06-27T14:12:11,2026-06-27T09:09:28,neg,บริการทั่วไปของโรงพยาบาล
2026-06-27T14:12:11,2026-06-27T09:28:40,neg,บริการทั่วไปของโรงพยาบาล
2026-06-27T14:12:11,2026-06-27T09:31:09,neg,บริการทั่วไปของโรงพยาบาล
2026-06-27T14:12:11,2026-06-27T09:39:57,neg,บริการทั่วไปของโรงพยาบาล
2026-06-27T14:12:11,2026-06-27T10:24:34,neg,บริการทั่วไปของโรงพยาบาล
2026-06-27T14:12:11,2026-06-27T10:49:54,neg,บริการทั่วไปของโรงพยาบาล
2026-06-27T14:12:11,2026-06-27T11:16:38,neg,บริการทั่วไปของโรงพยาบาล
2026-06-27T14:12:11,2026-06-27T11:16:43,neg,บริการทั่วไปของโรงพยาบาล
2026-06-27T14:12:11,2026-06-27T11:16:52,neg,บริการทั่วไปของโรงพยาบาล
2026-06-27T14:12:11,2026-06-27T11:27:34,neg,บริการทั่วไปของโรงพยาบาล
2026-06-27T14:12:11,2026-06-27T12:19:17,neg,บริการทั่วไปของโรงพยาบาล
2026-06-27T14:12:11,2026-06-27T12:19:37,neg,บริการทั่วไปของโรงพยาบาล
2026-06-27T14:12:11,2026-06-27T12:19:48,neg,บริการทั่วไปของโรงพยาบาล
2026-06-27T14:12:11,2026-06-27T12:19:50,neg,บริการทั่วไปของโรงพยาบาล
2026-06-27T14:12:11,2026-06-27T12:19:50,neg,บริการทั่วไปของโรงพยาบาล
2026-06-27T14:12:11,2026-06-27T12:19:51,neg,บริการทั่วไปของโรงพยาบาล
2026-06-27T14:12:11,2026-06-27T12:19:51,neg,บริการทั่วไปของโรงพยาบาล
2026-06-27T14:12:11,2026-06-27T12:19:51,neg,บริการทั่วไปของโรงพยาบาล
2026-06-27T14:12:11,2026-06-27T12:19:54,neg,บริการทั่วไปของโรงพยาบาล
2026-06-27T14:12:11,2026-06-27T12:20:26,neg,บริการทั่วไปของโรงพยาบาล
2026-06-27T14:12:11,2026-06-27T12:21:12,neg,บริการทั่วไปของโรงพยาบาล
2026-06-27T14:12:11,2026-06-27T12:21:19,neg,บริการทั่วไปของโรงพยาบาล
2026-06-27T14:12:11,2026-06-27T12:21:20,neg,บริการทั่วไปของโรงพยาบาล
2026-06-27T14:12:11,2026-06-27T12:21:20,neg,บริการทั่วไปของโรงพยาบาล
2026-06-27T14:12:11,2026-06-27T12:21:23,neg,บริการทั่วไปของโรงพยาบาล
2026-06-27T14:12:11,2026-06-27T12:24:43,neg,บริการทั่วไปของโรงพยาบาล
2026-06-27T14:12:11,2026-06-27T12:24:54,neg,บริการทั่วไปของโรงพยาบาล
2026-06-27T14:12:11,2026-06-27T12:25:02,neg,บริการทั่วไปของโรงพยาบาล
2026-06-27T14:12:11,2026-06-27T12:25:10,neg,บริการทั่วไปของโรงพยาบาล
2026-06-27T14:12:11,2026-06-27T14:04:59,neg,บริการทั่วไปของโรงพยาบาล
2026-06-27T14:12:11,2026-06-27T14:05:08,neg,บริการทั่วไปของโรงพยาบาล
2026-06-27T14:12:11,2026-06-27T14:05:17,neg,บริการทั่วไปของโรงพยาบาล
2026-06-27T14:12:11,2026-06-27T14:05:46,neg,บริการทั่วไปของโรงพยาบาล
2026-06-27T14:12:11,2026-06-27T14:06:27,neg,บริการทั่วไปของโรงพยาบาล
2026-06-27T14:12:11,2026-06-27T14:06:35,neg,บริการทั่วไปของโรงพยาบาล
2026-06-27T14:12:11,2026-06-27T14:07:07,neg,บริการทั่วไปของโรงพยาบาล
2026-06-27T14:12:11,2026-06-27T14:07:31,neg,บริการทั่วไปของโรงพยาบาล
2026-06-27T14:12:11,2026-06-27T14:09:04,neg,บริการทั่วไปของโรงพยาบาล
2026-06-27T14:12:11,2026-06-27T14:09:26,neg,บริการทั่วไปของโรงพยาบาล
2026-06-27T22:28:26,2025-09-22T22:12:12,neg,บริการทั่วไปของโรงพยาบาล
2026-06-27T22:28:26,2025-09-23T19:30:43,neg,บริการทั่วไปของโรงพยาบาล
2026-06-27T22:28:26,2025-09-23T19:31:03,neg,บริการทั่วไปของโรงพยาบาล
2026-06-27T22:28:26,2025-09-23T20:08:40,neg,บริการทั่วไปของโรงพยาบาล
2026-06-27T22:28:26,2025-09-23T20:25:16,neg,บริการทั่วไปของโรงพยาบาล
2026-06-27T22:28:26,2025-09-23T21:12:42,neg,บริการทั่วไปของโรงพยาบาล
2026-06-27T22:28:26,2025-09-23T21:20:50,neg,บริการทั่วไปของโรงพยาบาล
2026-06-27T22:28:26,2025-09-23T21:33:09,neg,บริการทั่วไปของโรงพยาบาล
2026-06-27T22:28:26,2025-09-23T22:43:39,neg,บริการทั่วไปของโรงพยาบาล
2026-06-27T22:28:26,2025-09-23T22:46:46,neg,บริการทั่วไปของโรงพยาบาล
2026-06-27T22:28:26,2025-09-23T22:47:24,neg,บริการทั่วไปของโรงพยาบาล
2026-06-27T22:28:26,2025-09-23T23:10:05,neg,บริการทั่วไปของโรงพยาบาล
2026-06-27T22:28:26,2025-09-23T23:10:14,neg,บริการทั่วไปของโรงพยาบาล
2026-06-27T22:28:26,2025-09-23T23:10:29,neg,บริการทั่วไปของโรงพยาบาล
2026-06-27T22:28:26,2025-09-23T23:10:38,neg,บริการทั่วไปของโรงพยาบาล
2026-06-27T22:28:26,2025-09-23T23:16:53,neg,บริการทั่วไปของโรงพยาบาล
2026-06-27T22:28:26,2025-09-23T23:42:28,neg,บริการทั่วไปของโรงพยาบาล
2026-06-27T22:28:26,2025-09-24T20:41:27,neg,บริการทั่วไปของโรงพยาบาล
2026-06-27T22:28:26,2025-09-24T20:44:06,neg,บริการทั่วไปของโรงพยาบาล
2026-06-27T22:28:26,2025-09-24T20:44:25,neg,บริการทั่วไปของโรงพยาบาล
2026-06-27T22:28:26,2025-09-24T20:46:13,neg,บริการทั่วไปของโรงพยาบาล
2026-06-27T22:28:26,2025-09-24T20:46:21,neg,บริการทั่วไปของโรงพยาบาล
2026-06-27T22:28:26,2025-09-24T20:48:30,neg,บริการทั่วไปของโรงพยาบาล
2026-06-27T22:28:26,2025-09-24T20:53:52,neg,บริการทั่วไปของโรงพยาบาล
2026-06-27T22:28:26,2025-09-24T20:54:11,neg,บริการทั่วไปของโรงพยาบาล
2026-06-27T22:28:26,2025-09-24T20:55:21,neg,บริการทั่วไปของโรงพยาบาล
2026-06-27T22:28:26,2025-09-24T20:55:27,neg,บริการทั่วไปของโรงพยาบาล
2026-06-27T22:28:26,2025-09-24T20:56:10,neg,บริการทั่วไปของโรงพยาบาล
2026-06-27T22:28:26,2025-09-24T20:56:19,neg,บริการทั่วไปของโรงพยาบาล
2026-06-27T22:28:26,2025-09-24T20:58:27,neg,บริการทั่วไปของโรงพยาบาล
2026-06-27T22:28:26,2025-09-24T20:58:46,neg,บริการทั่วไปของโรงพยาบาล
2026-06-27T22:28:26,2025-09-24T21:00:49,neg,บริการทั่วไปของโรงพยาบาล
2026-06-27T22:28:26,2025-09-24T21:01:19,neg,บริการทั่วไปของโรงพยาบาล
2026-06-27T22:28:26,2025-09-24T21:01:47,neg,บริการทั่วไปของโรงพยาบาล
2026-06-27T22:28:26,2025-09-24T21:01:56,neg,บริการทั่วไปของโรงพยาบาล
2026-06-27T22:28:26,2025-09-24T21:02:11,neg,บริการทั่วไปของโรงพยาบาล
2026-06-27T22:28:26,2025-09-24T21:02:19,neg,บริการทั่วไปของโรงพยาบาล
2026-06-27T22:28:26,2025-09-24T21:03:28,neg,บริการทั่วไปของโรงพยาบาล
2026-06-27T22:28:26,2025-09-24T21:03:43,neg,บริการทั่วไปของโรงพยาบาล
2026-06-27T22:28:26,2025-09-24T21:04:01,neg,บริการทั่วไปของโรงพยาบาล
2026-06-27T22:28:26,2025-09-24T21:04:07,neg,บริการทั่วไปของโรงพยาบาล
2026-06-27T22:28:26,2025-09-24T21:04:23,neg,บริการทั่วไปของโรงพยาบาล
2026-06-27T22:28:26,2025-09-24T21:04:45,neg,บริการทั่วไปของโรงพยาบาล
2026-06-27T22:28:26,2025-09-24T21:14:33,neg,บริการทั่วไปของโรงพยาบาล
2026-06-27T22:28:26,2025-09-24T21:39:32,neg,บริการทั่วไปของโรงพยาบาล
2026-06-27T22:28:26,2025-09-29T20:44:19,neg,บริการทั่วไปของโรงพยาบาล
2026-06-27T22:28:26,2025-09-29T21:34:41,neg,บริการทั่วไปของโรงพยาบาล
2026-06-27T22:28:26,2025-09-29T21:36:25,neg,บริการทั่วไปของโรงพยาบาล
2026-06-27T22:28:26,2025-09-30T22:33:21,neg,บริการทั่วไปของโรงพยาบาล
2026-06-27T22:28:26,2025-10-01T22:49:51,neg,บริการทั่วไปของโรงพยาบาล
2026-06-27T22:28:26,2025-10-03T20:33:16,neg,บริการทั่วไปของโรงพยาบาล
2026-06-27T22:28:26,2025-10-06T19:39:02,neg,บริการทั่วไปของโรงพยาบาล
2026-06-27T22:28:26,2025-10-06T19:39:14,neg,บริการทั่วไปของโรงพยาบาล
2026-06-27T22:28:26,2025-10-06T19:39:23,neg,บริการทั่วไปของโรงพยาบาล
2026-06-27T22:28:26,2026-01-30T22:41:46,neg,บริการทั่วไปของโรงพยาบาล
2026-06-27T22:28:26,2026-01-30T22:41:53,neg,บริการทั่วไปของโรงพยาบาล
2026-06-27T22:28:26,2026-01-30T22:44:00,neg,บริการทั่วไปของโรงพยาบาล
2026-06-27T22:28:26,2026-01-31T08:03:59,neg,บริการทั่วไปของโรงพยาบาล
2026-06-27T22:28:26,2026-01-31T08:14:27,neg,บริการทั่วไปของโรงพยาบาล
2026-06-27T22:28:26,2026-01-31T08:14:27,neg,บริการทั่วไปของโรงพยาบาล
2026-06-27T22:28:26,2026-01-31T08:14:27,neg,บริการทั่วไปของโรงพยาบาล
2026-06-27T22:28:26,2026-01-31T08:14:27,neg,บริการทั่วไปของโรงพยาบาล
2026-06-27T22:28:26,2026-01-31T08:14:48,neg,บริการทั่วไปของโรงพยาบาล
2026-06-27T22:28:26,2026-01-31T08:14:48,neg,บริการทั่วไปของโรงพยาบาล
2026-06-27T22:28:26,2026-01-31T08:14:48,neg,บริการทั่วไปของโรงพยาบาล
2026-06-27T22:28:26,2026-01-31T08:14:48,neg,บริการทั่วไปของโรงพยาบาล
2026-06-27T22:28:26,2026-01-31T08:15:04,neg,บริการทั่วไปของโรงพยาบาล
2026-06-27T22:28:26,2026-01-31T21:57:08,neg,บริการทั่วไปของโรงพยาบาล
2026-06-27T22:28:26,2026-02-01T08:09:39,neg,บริการทั่วไปของโรงพยาบาล
2026-06-27T22:28:26,2026-02-01T08:09:51,neg,บริการทั่วไปของโรงพยาบาล
2026-06-27T22:28:26,2026-02-13T21:26:29,neg,บริการทั่วไปของโรงพยาบาล
2026-06-27T22:28:26,2026-02-13T21:27:47,neg,บริการทั่วไปของโรงพยาบาล
2026-06-27T22:28:26,2026-02-13T21:57:40,neg,บริการทั่วไปของโรงพยาบาล
2026-06-27T22:28:26,2026-02-13T21:57:44,neg,บริการทั่วไปของโรงพยาบาล
2026-06-27T22:28:26,2026-02-13T21:57:48,neg,บริการทั่วไปของโรงพยาบาล
2026-06-27T22:28:26,2026-02-13T22:10:21,neg,บริการทั่วไปของโรงพยาบาล
2026-06-27T22:28:26,2026-02-13T22:12:18,neg,บริการทั่วไปของโรงพยาบาล
2026-06-27T22:28:26,2026-02-14T00:03:40,neg,บริการทั่วไปของโรงพยาบาล
2026-06-27T22:28:26,2026-02-14T00:03:44,neg,บริการทั่วไปของโรงพยาบาล
2026-06-27T22:28:26,2026-02-14T00:03:49,neg,บริการทั่วไปของโรงพยาบาล
2026-06-27T22:28:26,2026-02-14T00:55:48,neg,บริการทั่วไปของโรงพยาบาล
2026-06-27T22:28:26,2026-02-14T00:58:11,neg,บริการทั่วไปของโรงพยาบาล
2026-06-27T22:28:26,2026-02-14T01:12:34,neg,บริการทั่วไปของโรงพยาบาล
2026-06-27T22:28:26,2026-02-14T01:31:37,neg,บริการทั่วไปของโรงพยาบาล
2026-06-27T22:28:26,2026-02-14T01:39:26,neg,บริการทั่วไปของโรงพยาบาล
2026-06-27T22:28:26,2026-02-14T01:49:42,neg,บริการทั่วไปของโรงพยาบาล
2026-06-27T22:28:26,2026-02-14T08:14:48,neg,บริการทั่วไปของโรงพยาบาล
2026-06-27T22:28:26,2026-06-27T08:45:10,neg,บริการทั่วไปของโรงพยาบาล
2026-06-27T22:28:26,2026-06-27T09:03:47,neg,บริการทั่วไปของโรงพยาบาล
2026-06-27T22:28:26,2026-06-27T09:04:03,neg,บริการทั่วไปของโรงพยาบาล
2026-06-27T22:28:26,2026-06-27T09:04:09,neg,บริการทั่วไปของโรงพยาบาล
2026-06-27T22:28:26,2026-06-27T09:04:18,neg,บริการทั่วไปของโรงพยาบาล
2026-06-27T22:28:26,2026-06-27T09:07:13,neg,บริการทั่วไปของโรงพยาบาล
2026-06-27T22:28:26,2026-06-27T09:07:23,neg,บริการทั่วไปของโรงพยาบาล
2026-06-27T22:28:26,2026-06-27T09:07:27,neg,บริการทั่วไปของโรงพยาบาล
2026-06-27T22:28:26,2026-06-27T09:08:54,neg,บริการทั่วไปของโรงพยาบาล
2026-06-27T22:28:26,2026-06-27T09:09:28,neg,บริการทั่วไปของโรงพยาบาล
2026-06-27T22:28:26,2026-06-27T09:28:40,neg,บริการทั่วไปของโรงพยาบาล
2026-06-27T22:28:26,2026-06-27T09:31:09,neg,บริการทั่วไปของโรงพยาบาล
2026-06-27T22:28:26,2026-06-27T09:39:57,neg,บริการทั่วไปของโรงพยาบาล
2026-06-27T22:28:26,2026-06-27T10:24:34,neg,บริการทั่วไปของโรงพยาบาล
2026-06-27T22:28:26,2026-06-27T10:49:54,neg,บริการทั่วไปของโรงพยาบาล
2026-06-27T22:28:26,2026-06-27T11:16:38,neg,บริการทั่วไปของโรงพยาบาล
2026-06-27T22:28:26,2026-06-27T11:16:43,neg,บริการทั่วไปของโรงพยาบาล
2026-06-27T22:28:26,2026-06-27T11:16:52,neg,บริการทั่วไปของโรงพยาบาล
2026-06-27T22:28:26,2026-06-27T11:27:34,neg,บริการทั่วไปของโรงพยาบาล
2026-06-27T22:28:26,2026-06-27T12:19:17,neg,บริการทั่วไปของโรงพยาบาล
2026-06-27T22:28:26,2026-06-27T12:19:37,neg,บริการทั่วไปของโรงพยาบาล
2026-06-27T22:28:26,2026-06-27T12:19:48,neg,บริการทั่วไปของโรงพยาบาล
2026-06-27T22:28:26,2026-06-27T12:19:50,neg,บริการทั่วไปของโรงพยาบาล
2026-06-27T22:28:26,2026-06-27T12:19:50,neg,บริการทั่วไปของโรงพยาบาล
2026-06-27T22:28:26,2026-06-27T12:19:51,neg,บริการทั่วไปของโรงพยาบาล
2026-06-27T22:28:26,2026-06-27T12:19:51,neg,บริการทั่วไปของโรงพยาบาล
2026-06-27T22:28:26,2026-06-27T12:19:51,neg,บริการทั่วไปของโรงพยาบาล
2026-06-27T22:28:26,2026-06-27T12:19:54,neg,บริการทั่วไปของโรงพยาบาล
2026-06-27T22:28:26,2026-06-27T12:20:26,neg,บริการทั่วไปของโรงพยาบาล
2026-06-27T22:28:26,2026-06-27T12:21:12,neg,บริการทั่วไปของโรงพยาบาล
2026-06-27T22:28:26,2026-06-27T12:21:19,neg,บริการทั่วไปของโรงพยาบาล
2026-06-27T22:28:26,2026-06-27T12:21:20,neg,บริการทั่วไปของโรงพยาบาล
2026-06-27T22:28:26,2026-06-27T12:21:20,neg,บริการทั่วไปของโรงพยาบาล
2026-06-27T22:28:26,2026-06-27T12:21:23,neg,บริการทั่วไปของโรงพยาบาล
2026-06-27T22:28:26,2026-06-27T12:24:43,neg,บริการทั่วไปของโรงพยาบาล
2026-06-27T22:28:26,2026-06-27T12:24:54,neg,บริการทั่วไปของโรงพยาบาล
2026-06-27T22:28:26,2026-06-27T12:25:02,neg,บริการทั่วไปของโรงพยาบาล
2026-06-27T22:28:26,2026-06-27T12:25:10,neg,บริการทั่วไปของโรงพยาบาล
2026-06-27T22:28:26,2026-06-27T14:04:59,neg,บริการทั่วไปของโรงพยาบาล
2026-06-27T22:28:26,2026-06-27T14:05:08,neg,บริการทั่วไปของโรงพยาบาล
2026-06-27T22:28:26,2026-06-27T14:05:17,neg,บริการทั่วไปของโรงพยาบาล
2026-06-27T22:28:26,2026-06-27T14:05:46,neg,บริการทั่วไปของโรงพยาบาล
2026-06-27T22:28:26,2026-06-27T14:06:27,neg,บริการทั่วไปของโรงพยาบาล
2026-06-27T22:28:26,2026-06-27T14:06:35,neg,บริการทั่วไปของโรงพยาบาล
2026-06-27T22:28:26,2026-06-27T14:07:07,neg,บริการทั่วไปของโรงพยาบาล
2026-06-27T22:28:26,2026-06-27T14:07:31,neg,บริการทั่วไปของโรงพยาบาล
2026-06-27T22:28:26,2026-06-27T14:09:04,neg,บริการทั่วไปของโรงพยาบาล
2026-06-27T22:28:26,2026-06-27T14:09:26,neg,บริการทั่วไปของโรงพยาบาล
2026-06-28T21:21:49,บริการดีมาก,pos,แพ็กเกจตรวจสุขภาพ
2026-06-28T21:21:54,แย่,neg,แพ็กเกจตรวจสุขภาพ
2026-09-23T18:27:17,ดีมาก,pos,บริการทั่วไปของโรงพยาบาล
2026-09-23T18:45:40,แย่,neg,บริการทั่วไปของโรงพยาบาล
2026-09-23T18:45:49,แย่,neg,บริการทั่วไปของโรงพยาบาล
2026-09-24T20:23:20,ดีมาก,pos,บริการทั่วไปของโรงพยาบาล
2026-09-24T20:38:40,ดีมาก,pos,บริการทั่วไปของโรงพยาบาล
2026-09-24T20:41:41,ดีมาก,pos,บริการทั่วไปของโรงพยาบาล
2026-09-24T20:44:22,ดี,neg,แผนกฉุกเฉินและอุบัติเหตุ (ER)
2026-09-24T20:44:39,ดีมาก,pos,แผนกฉุกเฉินและอุบัติเหตุ (ER)
2026-09-24T20:45:05,ดีมาก,pos,บริการทั่วไปของโรงพยาบาล
2026-09-24T20:45:09,ดีมาก,pos,บริการทั่วไปของโรงพยาบาล
2026-09-24T20:45:10,ดีมาก,pos,บริการทั่วไปของโรงพยาบาล
2026-09-24T20:45:11,ดีมาก,pos,บริการทั่วไปของโรงพยาบาล
2026-09-24T20:45:11,ดีมาก,pos,บริการทั่วไปของโรงพยาบาล
2026-09-24T20:45:12,ดีมาก,pos,บริการทั่วไปของโรงพยาบาล
2026-09-24T20:45:24,ดีมาก,pos,แผนกผู้ป่วยใน (IPD)
2026-09-24T20:45:50,ดีมาก,pos,แผนกทันตกรรม (Dental)
2026-09-24T20:45:56,ดีมาก,pos,แผนกทันตกรรม (Dental)
2026-09-24T20:50:23,แย่,neg,แผนกทันตกรรม (Dental)
2026-09-24T20:56:07,แย่,neg,แผนกผู้ป่วยใน (IPD)
2026-09-24T20:56:10,แย่,neg,แผนกผู้ป่วยใน (IPD)
2026-09-24T20:56:31,ดีมาก,pos,แผนกทันตกรรม (Dental)
2026-09-24T20:56:33,ดีมาก,pos,แผนกทันตกรรม (Dental)
2026-09-24T20:56:35,ดีมาก,pos,แผนกทันตกรรม (Dental)
2026-09-25T19:50:27,คุณหมอตรวจละเอียด ให้คำแนะนำดีมากเลยค่ะ แต่พยาบาลหน้าเคาน์เตอร์พูดจาห้วนไปนิด แถมที่จอดรถเต็มจนต้องวนหาตั้งนาน,pos,บริการทั่วไปของโรงพยาบาล
2026-09-25T19:51:54,คุณหมอตรวจละเอียด ให้คำแนะนำดีมากเลยค่ะ แต่พยาบาลหน้าเคาน์เตอร์พูดจาห้วนไปนิด แถมที่จอดรถเต็มจนต้องวนหาตั้งนาน,pos,บริการทั่วไปของโรงพยาบาล
2026-09-25T19:52:54,คุณหมอตรวจละเอียด ให้คำแนะนำดีมากเลยค่ะ แต่พยาบาลหน้าเคาน์เตอร์พูดจาห้วนไปนิด แถมที่จอดรถเต็มจนต้องวนหาตั้งนาน,pos,บริการทั่วไปของโรงพยาบาล
2026-09-25T19:53:03,คุณหมอตรวจละเอียด ให้คำแนะนำดีมากเลยค่ะ แต่พยาบาลหน้าเคาน์เตอร์พูดจาห้วนไปนิด แถมที่จอดรถเต็มจนต้องวนหาตั้งนาน,pos,บริการทั่วไปของโรงพยาบาล
2026-09-25T19:53:06,คุณหมอตรวจละเอียด ให้คำแนะนำดีมากเลยค่ะ แต่พยาบาลหน้าเคาน์เตอร์พูดจาห้วนไปนิด แถมที่จอดรถเต็มจนต้องวนหาตั้งนาน,pos,บริการทั่วไปของโรงพยาบาล
2026-09-25T19:53:40,บริการไวทันใจมากค่ะ นัดเก้าโมงเช้าได้ตรวจบ่ายสอง นึกว่ามานั่งเข้าค่าย,neg,บริการทั่วไปของโรงพยาบาล
2026-09-25T19:54:11,พยาบาลเจาะเลือดมือเบามาก ไม่เจ็บเลย คุณหมออธิบายผลตรวจสุขภาพเข้าใจง่าย ประทับใจมากค่ะ,pos,บริการทั่วไปของโรงพยาบาล
2026-09-25T19:54:30,แผนกทันตกรรมวันเสาร์-อาทิตย์ เปิดรับบัตรคิวถึงกี่โมงคะ พอดีจะพาลูกไปอุดฟัน,neg,บริการทั่วไปของโรงพยาบาล
2026-09-25T19:55:09,บริการไวทันใจมากค่ะ นัดเก้าโมงเช้าได้ตรวจบ่ายสอง นึกว่ามานั่งเข้าค่าย,neg,บริการทั่วไปของโรงพยาบาล
2026-09-25T19:55:12,บริการไวทันใจมากค่ะ นัดเก้าโมงเช้าได้ตรวจบ่ายสอง นึกว่ามานั่งเข้าค่าย,neg,บริการทั่วไปของโรงพยาบาล
2026-09-25T20:00:39,แผนกทันตกรรมวันเสาร์-อาทิตย์ เปิดรับบัตรคิวถึงกี่โมงคะ พอดีจะพาลูกไปอุดฟัน,neu,บริการทั่วไปของโรงพยาบาล
2026-09-25T20:00:52,บริการไวทันใจมากค่ะ นัดเก้าโมงเช้าได้ตรวจบ่ายสอง นึกว่ามานั่งเข้าค่าย,neg,บริการทั่วไปของโรงพยาบาล
2026-09-25T20:01:07,คุณหมอตรวจละเอียด ให้คำแนะนำดีมากเลยค่ะ แต่พยาบาลหน้าเคาน์เตอร์พูดจาห้วนไปนิด แถมที่จอดรถเต็มจนต้องวนหาตั้งนาน,neg,บริการทั่วไปของโรงพยาบาล
2026-09-25T20:01:22,ห้องพักผู้ป่วยในสะอาด กว้างขวาง วิวสวยมาก พยาบาลดูแลใส่ใจตลอดคืน เสียอย่างเดียวค่ายากับค่าห้องแรงไปหน่อย,pos,บริการทั่วไปของโรงพยาบาล
2026-09-25T23:20:48,คนไข้มีประวัติแพ้ยาเพนิซิลินระบุในระบบชัดเจน แต่คุณหมอสั่งจ่ายยาตัวนี้มาจนคนไข้เกิดอาการช็อก หายใจไม่ออก เกือบตาย กำลังให้ทนายเตรียมฟ้องร้องดำเนินคดีค่ะ,neu,บริการทั่วไปของโรงพยาบาล
2026-09-25T23:27:38,คนไข้มีประวัติแพ้ยาเพนิซิลินระบุในระบบชัดเจน แต่คุณหมอสั่งจ่ายยาตัวนี้มาจนคนไข้เกิดอาการช็อก หายใจไม่ออก เกือบตาย กำลังให้ทนายเตรียมฟ้องร้องดำเนินคดีค่ะ,neg,บริการทั่วไปของโรงพยาบาล
2026-09-26T21:35:18,หิว,neu,บริการทั่วไปของโรงพยาบาล
2026-09-26T21:35:44,หมอดี แต่ที่จอดรถแย่ไปหน่อย,pos,บริการทั่วไปของโรงพยาบาล
2026-09-26T21:36:01,ที่จอดรถแย่ไปหน่อย,neu,บริการทั่วไปของโรงพยาบาล
